919823834551,Sample Name 1
919823834552,Sample Name 2
919823834553,Sample Name 3
919823834554,Sample Name 4
919823834555,Sample Name 5
919823834556,Sample Name 6
919823834557,Sample Name 7
919823834558,Sample Name 8
919823834559,Sample Name 9
919823834510,Sample Name 10
919823834511,Sample Name 11
919823834512,Sample Name 12
919823834513,Sample Name 13
919823834514,Sample Name 14
919823834515,Sample Name 15
919823834516,Sample Name 16
919823834517,Sample Name 17
919823834518,Sample Name 18
