﻿<?xml version="1.0"?>
<doc>
<assembly>
<name>
Chatsup
</name>
</assembly>
<members>
<member name="T:Chatsup.My.Resources.Resources">
<summary>
  A strongly-typed resource class, for looking up localized strings, etc.
</summary>
</member>
<member name="P:Chatsup.My.Resources.Resources.ResourceManager">
<summary>
  Returns the cached ResourceManager instance used by this class.
</summary>
</member>
<member name="P:Chatsup.My.Resources.Resources.Culture">
<summary>
  Overrides the current thread's CurrentUICulture property for all
  resource lookups using this strongly typed resource class.
</summary>
</member>
<member name="P:Chatsup.My.Resources.Resources.AddContactsTab">
<summary>
  Looks up a localized resource of type System.Drawing.Bitmap.
</summary>
</member>
<member name="P:Chatsup.My.Resources.Resources.addmsg">
<summary>
  Looks up a localized resource of type System.Drawing.Bitmap.
</summary>
</member>
<member name="P:Chatsup.My.Resources.Resources.AddMsgTab">
<summary>
  Looks up a localized resource of type System.Drawing.Bitmap.
</summary>
</member>
<member name="P:Chatsup.My.Resources.Resources.ajax_loader">
<summary>
  Looks up a localized resource of type System.Drawing.Bitmap.
</summary>
</member>
<member name="P:Chatsup.My.Resources.Resources.backicon">
<summary>
  Looks up a localized resource of type System.Drawing.Bitmap.
</summary>
</member>
<member name="P:Chatsup.My.Resources.Resources.blankblack">
<summary>
  Looks up a localized resource of type System.Drawing.Bitmap.
</summary>
</member>
<member name="P:Chatsup.My.Resources.Resources.blankgreen">
<summary>
  Looks up a localized resource of type System.Drawing.Bitmap.
</summary>
</member>
<member name="P:Chatsup.My.Resources.Resources.blankgreen1">
<summary>
  Looks up a localized resource of type System.Drawing.Bitmap.
</summary>
</member>
<member name="P:Chatsup.My.Resources.Resources.blankgreenrengtel">
<summary>
  Looks up a localized resource of type System.Drawing.Bitmap.
</summary>
</member>
<member name="P:Chatsup.My.Resources.Resources.blankorange">
<summary>
  Looks up a localized resource of type System.Drawing.Bitmap.
</summary>
</member>
<member name="P:Chatsup.My.Resources.Resources.blankorangeborder">
<summary>
  Looks up a localized resource of type System.Drawing.Bitmap.
</summary>
</member>
<member name="P:Chatsup.My.Resources.Resources.boldicon">
<summary>
  Looks up a localized resource of type System.Drawing.Bitmap.
</summary>
</member>
<member name="P:Chatsup.My.Resources.Resources.btnaddwhatsappnumber">
<summary>
  Looks up a localized resource of type System.Drawing.Bitmap.
</summary>
</member>
<member name="P:Chatsup.My.Resources.Resources.btnback">
<summary>
  Looks up a localized resource of type System.Drawing.Bitmap.
</summary>
</member>
<member name="P:Chatsup.My.Resources.Resources.btnhelp">
<summary>
  Looks up a localized resource of type System.Drawing.Bitmap.
</summary>
</member>
<member name="P:Chatsup.My.Resources.Resources.btnhome">
<summary>
  Looks up a localized resource of type System.Drawing.Bitmap.
</summary>
</member>
<member name="P:Chatsup.My.Resources.Resources.btnimportfile">
<summary>
  Looks up a localized resource of type System.Drawing.Bitmap.
</summary>
</member>
<member name="P:Chatsup.My.Resources.Resources.btnnext">
<summary>
  Looks up a localized resource of type System.Drawing.Bitmap.
</summary>
</member>
<member name="P:Chatsup.My.Resources.Resources.btnnotification">
<summary>
  Looks up a localized resource of type System.Drawing.Bitmap.
</summary>
</member>
<member name="P:Chatsup.My.Resources.Resources.btnsendsms">
<summary>
  Looks up a localized resource of type System.Drawing.Bitmap.
</summary>
</member>
<member name="P:Chatsup.My.Resources.Resources.btnsendwhatsapp">
<summary>
  Looks up a localized resource of type System.Drawing.Bitmap.
</summary>
</member>
<member name="P:Chatsup.My.Resources.Resources.btnsetting">
<summary>
  Looks up a localized resource of type System.Drawing.Bitmap.
</summary>
</member>
<member name="P:Chatsup.My.Resources.Resources.buttonTemplate">
<summary>
  Looks up a localized resource of type System.Drawing.Bitmap.
</summary>
</member>
<member name="P:Chatsup.My.Resources.Resources.closebtn">
<summary>
  Looks up a localized resource of type System.Drawing.Bitmap.
</summary>
</member>
<member name="P:Chatsup.My.Resources.Resources.delete">
<summary>
  Looks up a localized resource of type System.Drawing.Bitmap.
</summary>
</member>
<member name="P:Chatsup.My.Resources.Resources.delete1">
<summary>
  Looks up a localized resource of type System.Drawing.Bitmap.
</summary>
</member>
<member name="P:Chatsup.My.Resources.Resources.disableaddmsg">
<summary>
  Looks up a localized resource of type System.Drawing.Bitmap.
</summary>
</member>
<member name="P:Chatsup.My.Resources.Resources.disablegrpaddmsg">
<summary>
  Looks up a localized resource of type System.Drawing.Bitmap.
</summary>
</member>
<member name="P:Chatsup.My.Resources.Resources.disablegrpaddmsg1">
<summary>
  Looks up a localized resource of type System.Drawing.Bitmap.
</summary>
</member>
<member name="P:Chatsup.My.Resources.Resources.draganddrop">
<summary>
  Looks up a localized resource of type System.Drawing.Bitmap.
</summary>
</member>
<member name="P:Chatsup.My.Resources.Resources.emojiicon">
<summary>
  Looks up a localized resource of type System.Drawing.Bitmap.
</summary>
</member>
<member name="P:Chatsup.My.Resources.Resources.enablegrpaddmsg">
<summary>
  Looks up a localized resource of type System.Drawing.Bitmap.
</summary>
</member>
<member name="P:Chatsup.My.Resources.Resources.endicon">
<summary>
  Looks up a localized resource of type System.Drawing.Bitmap.
</summary>
</member>
<member name="P:Chatsup.My.Resources.Resources.endicon1">
<summary>
  Looks up a localized resource of type System.Drawing.Bitmap.
</summary>
</member>
<member name="P:Chatsup.My.Resources.Resources.file_text">
<summary>
  Looks up a localized resource of type System.Drawing.Bitmap.
</summary>
</member>
<member name="P:Chatsup.My.Resources.Resources.Frame_7857">
<summary>
  Looks up a localized resource of type System.Drawing.Bitmap.
</summary>
</member>
<member name="P:Chatsup.My.Resources.Resources.grayline">
<summary>
  Looks up a localized resource of type System.Drawing.Bitmap.
</summary>
</member>
<member name="P:Chatsup.My.Resources.Resources.greenwhatsappicon">
<summary>
  Looks up a localized resource of type System.Drawing.Bitmap.
</summary>
</member>
<member name="P:Chatsup.My.Resources.Resources.Group_32__1_">
<summary>
  Looks up a localized resource of type System.Drawing.Bitmap.
</summary>
</member>
<member name="P:Chatsup.My.Resources.Resources.Group_32__2_">
<summary>
  Looks up a localized resource of type System.Drawing.Bitmap.
</summary>
</member>
<member name="P:Chatsup.My.Resources.Resources.Group_631248">
<summary>
  Looks up a localized resource of type System.Drawing.Bitmap.
</summary>
</member>
<member name="P:Chatsup.My.Resources.Resources.Group_7856">
<summary>
  Looks up a localized resource of type System.Drawing.Bitmap.
</summary>
</member>
<member name="P:Chatsup.My.Resources.Resources.Group_7856__1_">
<summary>
  Looks up a localized resource of type System.Drawing.Bitmap.
</summary>
</member>
<member name="P:Chatsup.My.Resources.Resources.Group_7856__2_">
<summary>
  Looks up a localized resource of type System.Drawing.Bitmap.
</summary>
</member>
<member name="P:Chatsup.My.Resources.Resources.Group_7856__3_">
<summary>
  Looks up a localized resource of type System.Drawing.Bitmap.
</summary>
</member>
<member name="P:Chatsup.My.Resources.Resources.Group_78612">
<summary>
  Looks up a localized resource of type System.Drawing.Bitmap.
</summary>
</member>
<member name="P:Chatsup.My.Resources.Resources.Group_7882">
<summary>
  Looks up a localized resource of type System.Drawing.Bitmap.
</summary>
</member>
<member name="P:Chatsup.My.Resources.Resources.grpaddcontact">
<summary>
  Looks up a localized resource of type System.Drawing.Bitmap.
</summary>
</member>
<member name="P:Chatsup.My.Resources.Resources.italicicon">
<summary>
  Looks up a localized resource of type System.Drawing.Bitmap.
</summary>
</member>
<member name="P:Chatsup.My.Resources.Resources.JavaScriptInject">
<summary>
  Looks up a localized string similar to (function(){var StatusCode={STALE_ELEMENT_REFERENCE:10,UNKNOWN_ERROR:13,};var NodeType={ELEMENT:1,DOCUMENT:9,};var ELEMENT_KEY=&apos;ELEMENT&apos;;var w3cEnabled=!1;var SHADOW_DOM_ENABLED=typeof ShadowRoot===&apos;function&apos;;function generateUUID(){var array=new Uint8Array(16);window.crypto.getRandomValues(array);array[6]=0x40|(array[6]&amp;amp;0x0f);array[8]=0x80|(array[8]&amp;amp;0x3f);var UUID=&quot;&quot;;for(var i=0;i&amp;lt;16;i++){var temp=array[i].toString(16);if(temp.length&amp;lt;2)
temp=&quot;0&quot;+temp;UUID+=temp;if(i==3||i==5||i==7||i==9)
UU [rest of string was truncated]&quot;;.
</summary>
</member>
<member name="P:Chatsup.My.Resources.Resources.JsExec">
<summary>
  Looks up a localized string similar to  document.querySelectorAll(&quot;._3y4A-&quot;)[0].innerHTML=&quot;&lt;a href=&apos;#&apos; id=&apos;sender&apos; class=&apos;executor&apos;&gt;.&lt;/a&gt;&quot;.
</summary>
</member>
<member name="P:Chatsup.My.Resources.Resources.logo">
<summary>
  Looks up a localized resource of type System.Drawing.Bitmap.
</summary>
</member>
<member name="P:Chatsup.My.Resources.Resources.MainIcon">
<summary>
  Looks up a localized resource of type System.Drawing.Icon similar to (Icon).
</summary>
</member>
<member name="P:Chatsup.My.Resources.Resources.mainlogo">
<summary>
  Looks up a localized resource of type System.Drawing.Bitmap.
</summary>
</member>
<member name="P:Chatsup.My.Resources.Resources.ms_icon_144x144">
<summary>
  Looks up a localized resource of type System.Drawing.Icon similar to (Icon).
</summary>
</member>
<member name="P:Chatsup.My.Resources.Resources.nexticon">
<summary>
  Looks up a localized resource of type System.Drawing.Bitmap.
</summary>
</member>
<member name="P:Chatsup.My.Resources.Resources.nexticon1">
<summary>
  Looks up a localized resource of type System.Drawing.Bitmap.
</summary>
</member>
<member name="P:Chatsup.My.Resources.Resources.nexticon2">
<summary>
  Looks up a localized resource of type System.Drawing.Bitmap.
</summary>
</member>
<member name="P:Chatsup.My.Resources.Resources.pauseicon">
<summary>
  Looks up a localized resource of type System.Drawing.Bitmap.
</summary>
</member>
<member name="P:Chatsup.My.Resources.Resources.Rectangle_22__1_">
<summary>
  Looks up a localized resource of type System.Drawing.Bitmap.
</summary>
</member>
<member name="P:Chatsup.My.Resources.Resources.Report">
<summary>
  Looks up a localized string similar to &lt;!DOCTYPE html&gt;
&lt;html xmlns:msxsl=&quot;urn:schemas-microsoft-com:xslt&quot;&gt;
&lt;head&gt;
    &lt;meta http-equiv=&quot;Content-Type&quot; content=&quot;text/html; charset=UTF-16LE&quot;&gt;
    &lt;meta content=&quot;en-us&quot; http-equiv=&quot;Content-Language&quot;&gt;
    &lt;title _locid=&quot;ConversionReport0&quot;&gt;
        Sent Report
    &lt;/title&gt;
    &lt;style&gt;
        /* Body style, for the entire document */
        body {
            background: #F3F3F4;
            color: #1E1E1F;
            font-family: &quot;Segoe UI&quot;, Tahoma, Geneva, Verdana, sans-serif;
        [rest of string was truncated]&quot;;.
</summary>
</member>
<member name="P:Chatsup.My.Resources.Resources.restart">
<summary>
  Looks up a localized resource of type System.Drawing.Bitmap.
</summary>
</member>
<member name="P:Chatsup.My.Resources.Resources.restart1">
<summary>
  Looks up a localized resource of type System.Drawing.Bitmap.
</summary>
</member>
<member name="P:Chatsup.My.Resources.Resources.resumeicon">
<summary>
  Looks up a localized resource of type System.Drawing.Bitmap.
</summary>
</member>
<member name="P:Chatsup.My.Resources.Resources.smsicon">
<summary>
  Looks up a localized resource of type System.Drawing.Bitmap.
</summary>
</member>
<member name="P:Chatsup.My.Resources.Resources.step1">
<summary>
  Looks up a localized resource of type System.Drawing.Bitmap.
</summary>
</member>
<member name="P:Chatsup.My.Resources.Resources.test">
<summary>
  Looks up a localized string similar to (function() { // Copyright (c) 2012 The Chromium Authors. All rights reserved.
// Use of this source code is governed by a BSD-style license that can be
// found in the LICENSE file.

/**
 * Enum for WebDriver status codes.
 * @enum {number}
 */
var StatusCode = {
  STALE_ELEMENT_REFERENCE: 10,
  UNKNOWN_ERROR: 13,
};

/**
 * Enum for node types.
 * @enum {number}
 */
var NodeType = {
  ELEMENT: 1,
  DOCUMENT: 9,
};

/**
 * Dictionary key to use for holding an element ID.
 * @const
 [rest of string was truncated]&quot;;.
</summary>
</member>
<member name="P:Chatsup.My.Resources.Resources.upgradnow">
<summary>
  Looks up a localized resource of type System.Drawing.Bitmap.
</summary>
</member>
<member name="P:Chatsup.My.Resources.Resources.Vector">
<summary>
  Looks up a localized resource of type System.Drawing.Bitmap.
</summary>
</member>
<member name="P:Chatsup.My.Resources.Resources.whatocheck">
<summary>
  Looks up a localized resource of type System.Drawing.Bitmap.
</summary>
</member>
<member name="P:Chatsup.My.Resources.Resources.WhatsAppApi">
<summary>
  Looks up a localized string similar to /**
 * This script contains WAPI functions that need to be run in the context of the webpage
 */

/**
 * Auto discovery the webpack object references of instances that contains all functions used by the WAPI
 * functions and creates the Store object.
 */
if (!window.Store) {
    (function () {
        function getStore(modules) {
            let foundCount = 0;
            let neededObjects = [
                { id: &quot;Store&quot;, conditions: (module) =&gt; (module.default &amp;&amp; module.default.Chat &amp;&amp; modu [rest of string was truncated]&quot;;.
</summary>
</member>
<member name="P:Chatsup.My.Resources.Resources.whatsappicon">
<summary>
  Looks up a localized resource of type System.Drawing.Bitmap.
</summary>
</member>
<member name="T:Chatsup.ServiceSVC.SMSService">
<remarks/>
</member>
<member name="M:Chatsup.ServiceSVC.SMSService.#ctor">
<remarks/>
</member>
<member name="E:Chatsup.ServiceSVC.SMSService.HelloWorldCompleted">
<remarks/>
</member>
<member name="E:Chatsup.ServiceSVC.SMSService.UploadFileCompleted">
<remarks/>
</member>
<member name="E:Chatsup.ServiceSVC.SMSService.UploadFile_V1Completed">
<remarks/>
</member>
<member name="E:Chatsup.ServiceSVC.SMSService.UploadFileFromAndroidCompleted">
<remarks/>
</member>
<member name="E:Chatsup.ServiceSVC.SMSService.sendtestingvivamsgCompleted">
<remarks/>
</member>
<member name="E:Chatsup.ServiceSVC.SMSService.sendtestingtwiliosmsCompleted">
<remarks/>
</member>
<member name="E:Chatsup.ServiceSVC.SMSService.checksssCompleted">
<remarks/>
</member>
<member name="E:Chatsup.ServiceSVC.SMSService.updatestatusCompleted">
<remarks/>
</member>
<member name="E:Chatsup.ServiceSVC.SMSService.TwilioCountryPricingCompleted">
<remarks/>
</member>
<member name="M:Chatsup.ServiceSVC.SMSService.HelloWorld">
<remarks/>
</member>
<member name="M:Chatsup.ServiceSVC.SMSService.HelloWorldAsync">
<remarks/>
</member>
<member name="M:Chatsup.ServiceSVC.SMSService.HelloWorldAsync(System.Object)">
<remarks/>
</member>
<member name="M:Chatsup.ServiceSVC.SMSService.UploadFile(System.String,System.String,System.String,System.String,System.String,System.String,System.String,System.Byte[])">
<remarks/>
</member>
<member name="M:Chatsup.ServiceSVC.SMSService.UploadFileAsync(System.String,System.String,System.String,System.String,System.String,System.String,System.String,System.Byte[])">
<remarks/>
</member>
<member name="M:Chatsup.ServiceSVC.SMSService.UploadFileAsync(System.String,System.String,System.String,System.String,System.String,System.String,System.String,System.Byte[],System.Object)">
<remarks/>
</member>
<member name="M:Chatsup.ServiceSVC.SMSService.UploadFile_V1(System.String,System.String,System.String,System.String,System.String,System.String,System.String,System.Byte[],System.String)">
<remarks/>
</member>
<member name="M:Chatsup.ServiceSVC.SMSService.UploadFile_V1Async(System.String,System.String,System.String,System.String,System.String,System.String,System.String,System.Byte[],System.String)">
<remarks/>
</member>
<member name="M:Chatsup.ServiceSVC.SMSService.UploadFile_V1Async(System.String,System.String,System.String,System.String,System.String,System.String,System.String,System.Byte[],System.String,System.Object)">
<remarks/>
</member>
<member name="M:Chatsup.ServiceSVC.SMSService.UploadFileFromAndroid(System.String,System.String,System.String,System.String,System.String,System.String,System.String,System.String)">
<remarks/>
</member>
<member name="M:Chatsup.ServiceSVC.SMSService.UploadFileFromAndroidAsync(System.String,System.String,System.String,System.String,System.String,System.String,System.String,System.String)">
<remarks/>
</member>
<member name="M:Chatsup.ServiceSVC.SMSService.UploadFileFromAndroidAsync(System.String,System.String,System.String,System.String,System.String,System.String,System.String,System.String,System.Object)">
<remarks/>
</member>
<member name="M:Chatsup.ServiceSVC.SMSService.sendtestingvivamsg(System.String,System.String)">
<remarks/>
</member>
<member name="M:Chatsup.ServiceSVC.SMSService.sendtestingvivamsgAsync(System.String,System.String)">
<remarks/>
</member>
<member name="M:Chatsup.ServiceSVC.SMSService.sendtestingvivamsgAsync(System.String,System.String,System.Object)">
<remarks/>
</member>
<member name="M:Chatsup.ServiceSVC.SMSService.sendtestingtwiliosms(System.String,System.String)">
<remarks/>
</member>
<member name="M:Chatsup.ServiceSVC.SMSService.sendtestingtwiliosmsAsync(System.String,System.String)">
<remarks/>
</member>
<member name="M:Chatsup.ServiceSVC.SMSService.sendtestingtwiliosmsAsync(System.String,System.String,System.Object)">
<remarks/>
</member>
<member name="M:Chatsup.ServiceSVC.SMSService.checksss(System.String,System.Boolean)">
<remarks/>
</member>
<member name="M:Chatsup.ServiceSVC.SMSService.checksssAsync(System.String,System.Boolean)">
<remarks/>
</member>
<member name="M:Chatsup.ServiceSVC.SMSService.checksssAsync(System.String,System.Boolean,System.Object)">
<remarks/>
</member>
<member name="M:Chatsup.ServiceSVC.SMSService.updatestatus(System.String)">
<remarks/>
</member>
<member name="M:Chatsup.ServiceSVC.SMSService.updatestatusAsync(System.String)">
<remarks/>
</member>
<member name="M:Chatsup.ServiceSVC.SMSService.updatestatusAsync(System.String,System.Object)">
<remarks/>
</member>
<member name="M:Chatsup.ServiceSVC.SMSService.TwilioCountryPricing">
<remarks/>
</member>
<member name="M:Chatsup.ServiceSVC.SMSService.TwilioCountryPricingAsync">
<remarks/>
</member>
<member name="M:Chatsup.ServiceSVC.SMSService.TwilioCountryPricingAsync(System.Object)">
<remarks/>
</member>
<member name="M:Chatsup.ServiceSVC.SMSService.CancelAsync(System.Object)">
<remarks/>
</member>
<member name="T:Chatsup.ServiceSVC.HelloWorldCompletedEventHandler">
<remarks/>
</member>
<member name="T:Chatsup.ServiceSVC.HelloWorldCompletedEventArgs">
<remarks/>
</member>
<member name="P:Chatsup.ServiceSVC.HelloWorldCompletedEventArgs.Result">
<remarks/>
</member>
<member name="T:Chatsup.ServiceSVC.UploadFileCompletedEventHandler">
<remarks/>
</member>
<member name="T:Chatsup.ServiceSVC.UploadFileCompletedEventArgs">
<remarks/>
</member>
<member name="P:Chatsup.ServiceSVC.UploadFileCompletedEventArgs.Result">
<remarks/>
</member>
<member name="T:Chatsup.ServiceSVC.UploadFile_V1CompletedEventHandler">
<remarks/>
</member>
<member name="T:Chatsup.ServiceSVC.UploadFile_V1CompletedEventArgs">
<remarks/>
</member>
<member name="P:Chatsup.ServiceSVC.UploadFile_V1CompletedEventArgs.Result">
<remarks/>
</member>
<member name="T:Chatsup.ServiceSVC.UploadFileFromAndroidCompletedEventHandler">
<remarks/>
</member>
<member name="T:Chatsup.ServiceSVC.sendtestingvivamsgCompletedEventHandler">
<remarks/>
</member>
<member name="T:Chatsup.ServiceSVC.sendtestingtwiliosmsCompletedEventHandler">
<remarks/>
</member>
<member name="T:Chatsup.ServiceSVC.checksssCompletedEventHandler">
<remarks/>
</member>
<member name="T:Chatsup.ServiceSVC.updatestatusCompletedEventHandler">
<remarks/>
</member>
<member name="T:Chatsup.ServiceSVC.TwilioCountryPricingCompletedEventHandler">
<remarks/>
</member>
<member name="T:Chatsup.ServiceSVC.TwilioCountryPricingCompletedEventArgs">
<remarks/>
</member>
<member name="P:Chatsup.ServiceSVC.TwilioCountryPricingCompletedEventArgs.Result">
<remarks/>
</member>
</members>
</doc>
